1,Circle,Area,18039.555582934354,Perimeter,476.1215613406782,CenterX,490.064,CenterY,36.3991
2,Equilateral Triangle,Area,3670.7503321634917,Perimeter,276.21569999999997,CenterX,225.015,CenterY,265.596
3,Equilateral Triangle,Area,989.2033039217682,Perimeter,143.38830000000002,CenterX,130.116,CenterY,252.153
4,Polygon,Area,41810.5961642,Perimeter,971.2385999634557,CenterX,290.31552,CenterY,177.7578
5,Equilateral Triangle,Area,176.3018507688071,Perimeter,60.534000000000006,CenterX,431.063,CenterY,37.5185
6,Square,Area,2.7310537081,Perimeter,6.61036,CenterX,174.317,CenterY,270.922
7,Ellipse,Area,433.63660718442674,Perimeter,92.51203490555292,CenterX,161.34,CenterY,140.239
8,Circle,Area,21315.70023336433,Perimeter,517.5528852562204,CenterX,254.134,CenterY,439.289
9,Ellipse,Area,715.492383103361,Perimeter,154.7205637042898,CenterX,179.439,CenterY,462.482
10,Square,Area,373.99305320999997,Perimeter,77.3556,CenterX,7.70121,CenterY,111.92
11,Square,Area,4103.811721000001,Perimeter,256.244,CenterX,243.771,CenterY,37.9366
12,Equilateral Triangle,Area,291.7446748512344,Perimeter,77.8704,CenterX,86.8139,CenterY,278.335
13,Circle,Area,13222.430979790055,Perimeter,407.6247883959293,CenterX,43.9437,CenterY,199.019
14,Circle,Area,29827.407608439782,Perimeter,612.2272931462717,CenterX,476.976,CenterY,341.994
15,Equilateral Triangle,Area,2225.338019870254,Perimeter,215.06459999999998,CenterX,278.503,CenterY,122.108
16,Circle,Area,2675.419478703476,Perimeter,183.35842690823756,CenterX,8.91554,CenterY,7.6538
17,Equilateral Triangle,Area,1886.163319281029,Perimeter,197.99790000000002,CenterX,346.59,CenterY,403.456
18,Equilateral Triangle,Area,789.4929375884499,Perimeter,128.09879999999998,CenterX,205.133,CenterY,162.349
19,Polygon,Area,151394.73092748996,Perimeter,1587.369534317144,CenterX,237.49484285714288,CenterY,183.80234285714283
20,Polygon,Area,117991.621211665,Perimeter,1355.0214696855858,CenterX,209.81672857142857,CenterY,175.51045714285715
21,Polygon,Area,106215.38893535003,Perimeter,1277.771357314031,CenterX,295.550375,CenterY,236.8310375
22,Square,Area,4240.718592640001,Perimeter,260.4832,CenterX,75.5525,CenterY,458.609
23,Equilateral Triangle,Area,160.68340661330893,Perimeter,57.7905,CenterX,180.233,CenterY,275.584
24,Polygon,Area,160075.64178580997,Perimeter,1599.3939649051044,CenterX,199.73694285714282,CenterY,204.1932
25,Polygon,Area,164387.68529314,Perimeter,1534.7981294742426,CenterX,279.02969999999993,CenterY,212.88361
26,Circle,Area,2164.1104945520183,Perimeter,164.90910989076613,CenterX,302.63,CenterY,181.149
27,Equilateral Triangle,Area,2836.6768598528065,Perimeter,242.8152,CenterX,206.127,CenterY,22.5172
28,Equilateral Triangle,Area,3911.3464546568134,Perimeter,285.1242,CenterX,375.935,CenterY,390.839
29,Square,Area,9008.933157160001,Perimeter,379.6616,CenterX,310.741,CenterY,291.759
30,Ellipse,Area,207.22196028154318,Perimeter,52.71416048839205,CenterX,358.856,CenterY,86.1241
31,Polygon,Area,118260.04896234999,Perimeter,1320.6643891860704,CenterX,225.27222500000002,CenterY,204.8516375
32,Polygon,Area,136325.66055107,Perimeter,1429.6659949318484,CenterX,253.02525714285713,CenterY,239.2942
33,Ellipse,Area,2712.6559313066364,Perimeter,186.33478926888236,CenterX,205.762,CenterY,381.666
34,Ellipse,Area,3772.455084592182,Perimeter,231.66020046307568,CenterX,210.564,CenterY,371.34
35,Polygon,Area,149428.2087749565,Perimeter,1503.034703724249,CenterX,281.8244555555556,CenterY,236.49620666666664
36,Equilateral Triangle,Area,2988.4035581757416,Perimeter,249.2244,CenterX,351.629,CenterY,176.996
37,Square,Area,2336.9296272399997,Perimeter,193.3672,CenterX,260.728,CenterY,331.754
38,Ellipse,Area,2350.357524924709,Perimeter,201.58237732840385,CenterX,365.48,CenterY,62.8667
39,Polygon,Area,137930.41793583,Perimeter,1458.2478317967648,CenterX,201.41438571428571,CenterY,235.3724
40,Polygon,Area,151294.86890375003,Perimeter,1495.4214216982605,CenterX,260.7346111111111,CenterY,225.14903333333336
41,Equilateral Triangle,Area,1193.0320937916983,Perimeter,157.4697,CenterX,227.11,CenterY,338.224
42,Equilateral Triangle,Area,3706.0464587048423,Perimeter,277.54049999999995,CenterX,267.253,CenterY,398.188
43,Ellipse,Area,1220.3382313916359,Perimeter,143.52270958495802,CenterX,370.994,CenterY,40.8185
44,Equilateral Triangle,Area,0.03852787998431525,Perimeter,0.8948670000000001,CenterX,483.403,CenterY,398.981
45,Circle,Area,28805.807270295587,Perimeter,601.651435637227,CenterX,143.116,CenterY,322.336
46,Equilateral Triangle,Area,2652.1635418292,Perimeter,234.78539999999998,CenterX,68.1728,CenterY,157.98
47,Circle,Area,14071.222288628007,Perimeter,420.5046899571167,CenterX,283.424,CenterY,456.875
48,Polygon,Area,99741.47167107,Perimeter,1275.6547673928583,CenterX,220.56389999999996,CenterY,241.69589999999997
49,Polygon,Area,117843.77146307049,Perimeter,1465.1607591657157,CenterX,149.75608,CenterY,139.71190199999998
50,Ellipse,Area,1133.1861493668184,Perimeter,130.5656188188023,CenterX,247.938,CenterY,27.6851
51,Square,Area,4097.6001562500005,Perimeter,256.05,CenterX,380.745,CenterY,211.543
52,Ellipse,Area,1131.924527179036,Perimeter,179.6371669360026,CenterX,431.636,CenterY,431.574
53,Circle,Area,69.54817575259882,Perimeter,29.562952356957602,CenterX,338.602,CenterY,449.992
54,Equilateral Triangle,Area,295.1466534547204,Perimeter,78.32310000000001,CenterX,33.3188,CenterY,363.087
55,Equilateral Triangle,Area,3603.5951785910843,Perimeter,273.67740000000003,CenterX,37.3402,CenterY,160.616
56,Ellipse,Area,3024.06385538464,Perimeter,194.9446983856461,CenterX,321.473,CenterY,24.3775
57,Equilateral Triangle,Area,3424.769955226391,Perimeter,266.8005,CenterX,84.0361,CenterY,66.3385
58,Square,Area,37.7386605124,Perimeter,24.57272,CenterX,152.693,CenterY,170.563
59,Equilateral Triangle,Area,3456.954298889349,Perimeter,268.0512,CenterX,397.923,CenterY,358.925
60,Square,Area,5257.830618810001,Perimeter,290.0436,CenterX,435.522,CenterY,281.959
61,Square,Area,2917.39336641,Perimeter,216.0516,CenterX,39.5675,CenterY,463.252
62,Equilateral Triangle,Area,554.0490688416706,Perimeter,107.31120000000001,CenterX,354.522,CenterY,188.041
63,Equilateral Triangle,Area,3086.201340238358,Perimeter,253.26959999999997,CenterX,281.71,CenterY,271.288
64,Polygon,Area,102137.94911853,Perimeter,1283.2405613578314,CenterX,166.59938571428572,CenterY,197.73659999999998
65,Circle,Area,24.609682845593337,Perimeter,17.585630365146514,CenterX,291.881,CenterY,206.893
66,Circle,Area,9589.630209843735,Perimeter,347.14096167342643,CenterX,121.205,CenterY,4.85909
67,Circle,Area,5505.043696155338,Perimeter,263.0179068697218,CenterX,285.85,CenterY,403.815
68,Square,Area,1980.784036,Perimeter,178.024,CenterX,15.0482,CenterY,169.104
69,Ellipse,Area,2680.7212295546124,Perimeter,214.9029099480079,CenterX,130.964,CenterY,237.777
70,Ellipse,Area,434.8453623714329,Perimeter,176.7204957024898,CenterX,92.9278,CenterY,446.848
71,Ellipse,Area,577.7290090004266,Perimeter,139.81920680307502,CenterX,164.977,CenterY,200.057
72,Ellipse,Area,1982.745618480696,Perimeter,195.21735196435978,CenterX,1.7139,CenterY,383.353
73,Circle,Area,21166.80243013168,Perimeter,515.7420712506912,CenterX,321.122,CenterY,377.709
74,Equilateral Triangle,Area,1423.369139008044,Perimeter,172.0005,CenterX,377.123,CenterY,237.303
75,Equilateral Triangle,Area,523.9678346987005,Perimeter,104.35740000000001,CenterX,323.976,CenterY,290.66
76,Equilateral Triangle,Area,2343.261088803888,Perimeter,220.6893,CenterX,235.214,CenterY,482.131
77,Square,Area,3142.18544704,Perimeter,224.2208,CenterX,484.783,CenterY,217.52
78,Circle,Area,228.86228198026265,Perimeter,53.62805473827999,CenterX,491.723,CenterY,330.057
79,Circle,Area,4495.01048539177,Perimeter,237.66776742937503,CenterX,450.162,CenterY,378.538
80,Circle,Area,22844.203113099193,Perimeter,535.7879456547171,CenterX,380.696,CenterY,391.393
81,Square,Area,5120.804976039999,Perimeter,286.2392,CenterX,393.994,CenterY,260.077
82,Polygon,Area,155989.0057163,Perimeter,1505.0617587532383,CenterX,281.58708888888884,CenterY,269.28532222222225
83,Equilateral Triangle,Area,2970.480263964717,Perimeter,248.4759,CenterX,169.95,CenterY,204.524
84,Circle,Area,2980.124342767918,Perimeter,193.51833754994695,CenterX,173.793,CenterY,249.341
85,Square,Area,53.141475632399995,Perimeter,29.15928,CenterX,335.719,CenterY,90.0439
86,Polygon,Area,122769.13583302,Perimeter,1463.7366535916044,CenterX,210.661,CenterY,236.91784
87,Equilateral Triangle,Area,14.122341373538083,Perimeter,17.132640000000002,CenterX,354.108,CenterY,101.936
88,Equilateral Triangle,Area,1211.2889909648738,Perimeter,158.67000000000002,CenterX,431.005,CenterY,365.301
89,Equilateral Triangle,Area,1206.264923003372,Perimeter,158.3406,CenterX,386.068,CenterY,319.077
90,Polygon,Area,148036.85703026498,Perimeter,1478.1483366574973,CenterX,258.77335666666664,CenterY,255.70472222222224
91,Ellipse,Area,5381.404299711094,Perimeter,260.0828711598995,CenterX,363.458,CenterY,364.548
92,Polygon,Area,11552.765428000013,Perimeter,814.3193298532194,CenterX,289.586,CenterY,165.84665
93,Ellipse,Area,5190.312018760451,Perimeter,255.5190048792464,CenterX,151.442,CenterY,424.782
94,Ellipse,Area,184.3047223362912,Perimeter,59.71126782150671,CenterX,29.4836,CenterY,160.908
95,Polygon,Area,118260.48571657999,Perimeter,1390.525182445733,CenterX,170.35518333333331,CenterY,226.33563333333336
96,Circle,Area,7482.342304363161,Perimeter,306.6364075906932,CenterX,449.61,CenterY,47.6615
97,Circle,Area,19370.57594513376,Perimeter,493.373931557132,CenterX,90.7461,CenterY,137.382
98,Ellipse,Area,1514.7987112834883,Perimeter,143.06166487516666,CenterX,274.12,CenterY,245.758
99,Equilateral Triangle,Area,62.12748261180601,Perimeter,35.934599999999996,CenterX,98.1598,CenterY,354.26
100,Polygon,Area,3265.6485222599977,Perimeter,668.8979758532482,CenterX,84.67744499999999,CenterY,248.89624999999998
101,Ellipse,Area,276.2293657609856,Perimeter,172.29791736809128,CenterX,129.761,CenterY,447.159
102,Ellipse,Area,4639.797918614593,Perimeter,241.961068845482,CenterX,336.322,CenterY,443.719
103,Square,Area,1207.43045361,Perimeter,138.9924,CenterX,380.389,CenterY,140.511
104,Circle,Area,3558.6493229618177,Perimeter,211.46939797255902,CenterX,13.1969,CenterY,443.886
105,Circle,Area,2643.6284538273053,Perimeter,182.26578098331905,CenterX,5.58063,CenterY,328.627
106,Ellipse,Area,1307.4985590604433,Perimeter,128.1827031240354,CenterX,378.127,CenterY,488.436
107,Ellipse,Area,4463.382908502163,Perimeter,237.27502908554055,CenterX,37.5477,CenterY,183.337
108,Ellipse,Area,3002.003383263628,Perimeter,200.1993569139819,CenterX,218.073,CenterY,3.85812
109,Equilateral Triangle,Area,180.27500766318204,Perimeter,61.2123,CenterX,144.306,CenterY,263.396
110,Equilateral Triangle,Area,2414.9949839757583,Perimeter,224.0418,CenterX,180.195,CenterY,9.57489
111,Ellipse,Area,6700.385827063289,Perimeter,290.1834552115414,CenterX,176.031,CenterY,488.244
112,Equilateral Triangle,Area,736.7660247211041,Perimeter,123.7473,CenterX,454.5,CenterY,85.1274
113,Circle,Area,12412.637739968506,Perimeter,394.94532044604085,CenterX,464.461,CenterY,243.647
114,Circle,Area,34.6802696970778,Perimeter,20.875946014957247,CenterX,438.743,CenterY,259.912
115,Ellipse,Area,5369.77174995151,Perimeter,260.9948845552347,CenterX,496.599,CenterY,402.559
116,Ellipse,Area,614.2520518106252,Perimeter,171.6479254262428,CenterX,157.682,CenterY,106.027
117,Polygon,Area,69596.19294358001,Perimeter,1046.617790320684,CenterX,294.4787714285714,CenterY,259.8666857142857
118,Circle,Area,3067.745595077675,Perimeter,196.34262934552416,CenterX,377.228,CenterY,322.656
119,Equilateral Triangle,Area,316.953617267471,Perimeter,81.16499999999999,CenterX,250.761,CenterY,31.3297
120,Ellipse,Area,2738.8900257298874,Perimeter,187.3016646548459,CenterX,157.207,CenterY,473.421
121,Ellipse,Area,3602.60683370002,Perimeter,214.292380931658,CenterX,99.7278,CenterY,163.145
122,Polygon,Area,177648.578995151,Perimeter,1694.9514649935738,CenterX,265.19812,CenterY,267.3171428571428
123,Ellipse,Area,4114.080342681755,Perimeter,242.05698249406387,CenterX,159.138,CenterY,26.8485
124,Square,Area,2807.728144,Perimeter,211.952,CenterX,47.3296,CenterY,130.662
125,Polygon,Area,54568.726645600014,Perimeter,1105.038577387525,CenterX,240.47136,CenterY,204.009
126,Circle,Area,8443.582899866791,Perimeter,325.7379192430498,CenterX,371.759,CenterY,182.562
127,Circle,Area,435.17696516035494,Perimeter,73.94994947285015,CenterX,404.853,CenterY,14.149
128,Polygon,Area,133254.55776572,Perimeter,1458.3723724563768,CenterX,216.69491428571428,CenterY,201.6824428571429
129,Polygon,Area,59322.302882465,Perimeter,1049.2305452712442,CenterX,244.23994000000002,CenterY,178.10156
130,Equilateral Triangle,Area,1251.3452443766207,Perimeter,161.2722,CenterX,22.1896,CenterY,316.289
131,Equilateral Triangle,Area,4328.170022675208,Perimeter,299.9322,CenterX,147.356,CenterY,226.994
132,Polygon,Area,149581.09409558502,Perimeter,1488.5454189320374,CenterX,250.80431111111108,CenterY,239.94508888888888
133,Equilateral Triangle,Area,781.2939179116353,Perimeter,127.4319,CenterX,0.625836,CenterY,339.548
134,Equilateral Triangle,Area,274.2497735122648,Perimeter,75.4995,CenterX,111.596,CenterY,278.333
135,Square,Area,5401.632617640001,Perimeter,293.9832,CenterX,62.2313,CenterY,73.7129
136,Equilateral Triangle,Area,513.8766897544403,Perimeter,103.3476,CenterX,191.112,CenterY,49.2648
137,Equilateral Triangle,Area,2198.4258441094134,Perimeter,213.7602,CenterX,478.443,CenterY,194.748
138,Square,Area,7273.923541290001,Perimeter,341.1492,CenterX,44.9485,CenterY,488.591
139,Polygon,Area,68392.47438494,Perimeter,1197.65172817893,CenterX,237.172075,CenterY,215.83505
140,Equilateral Triangle,Area,3808.6990971468176,Perimeter,281.358,CenterX,278.571,CenterY,188.295
141,Equilateral Triangle,Area,71.53241594650683,Perimeter,38.5587,CenterX,474.298,CenterY,3.23706
142,Circle,Area,24784.05637534902,Perimeter,558.0731473022215,CenterX,242.93,CenterY,135.976
143,Ellipse,Area,1916.8313566224087,Perimeter,172.89487813138308,CenterX,85.785,CenterY,438.13
144,Polygon,Area,51522.032718385,Perimeter,1130.1205999755448,CenterX,330.53860000000003,CenterY,194.12715599999999
145,Equilateral Triangle,Area,3908.7459458147423,Perimeter,285.0294,CenterX,123.028,CenterY,237.636
146,Ellipse,Area,3285.7764485395373,Perimeter,204.14503152002757,CenterX,347.6,CenterY,248.326
147,Equilateral Triangle,Area,1327.9443496209537,Perimeter,166.13490000000002,CenterX,43.418,CenterY,219.238
148,Square,Area,8233.14872689,Perimeter,362.9468,CenterX,225.93,CenterY,357.951
149,Circle,Area,4390.833469755965,Perimeter,234.89751102743955,CenterX,181.481,CenterY,115.43
150,Ellipse,Area,3957.5079881202523,Perimeter,226.461515388492,CenterX,339.418,CenterY,495.634
151,Equilateral Triangle,Area,190.5023923464663,Perimeter,62.9247,CenterX,339.521,CenterY,489.246
152,Polygon,Area,117838.45677361499,Perimeter,1343.65090044778,CenterX,182.28496249999998,CenterY,211.966425
153,Circle,Area,2301.2953189177524,Perimeter,170.05566697587693,CenterX,178.261,CenterY,419.928
154,Equilateral Triangle,Area,3217.459970387381,Perimeter,258.5994,CenterX,29.5732,CenterY,160.143
155,Square,Area,1249.0993747599998,Perimeter,141.3704,CenterX,425.131,CenterY,492.619
156,Equilateral Triangle,Area,1558.2326411187987,Perimeter,179.9646,CenterX,104.653,CenterY,335.574
157,Polygon,Area,91209.50363655,Perimeter,1222.3675007099926,CenterX,215.6306857142857,CenterY,261.8727714285714
158,Ellipse,Area,2369.612509127308,Perimeter,177.8420035229738,CenterX,459.518,CenterY,340.449
159,Ellipse,Area,1260.4077206962675,Perimeter,129.22452599607632,CenterX,474.43,CenterY,350.311
160,Square,Area,8675.432164,Perimeter,372.568,CenterX,76.8178,CenterY,117.69
161,Circle,Area,10577.247978738558,Perimeter,364.57868585644195,CenterX,322.932,CenterY,169.225
162,Equilateral Triangle,Area,909.9356843461568,Perimeter,137.5233,CenterX,93.069,CenterY,65.1998
163,Ellipse,Area,379.60498505607876,Perimeter,69.9320320629022,CenterX,114.373,CenterY,237.774
164,Equilateral Triangle,Area,3717.8734380134074,Perimeter,277.983,CenterX,45.8741,CenterY,396.959
165,Ellipse,Area,216.00443268764957,Perimeter,63.38294185189492,CenterX,1.7315,CenterY,469.872
166,Ellipse,Area,4346.598473542652,Perimeter,247.3934197122483,CenterX,157.133,CenterY,461.302
167,Square,Area,80.9688629929,Perimeter,35.99308,CenterX,366.795,CenterY,268.573
168,Equilateral Triangle,Area,2262.825571028547,Perimeter,216.8685,CenterX,499.313,CenterY,265.63
169,Ellipse,Area,37.9128799443947,Perimeter,40.63126924622089,CenterX,442.384,CenterY,276.135
170,Circle,Area,8789.071320972578,Perimeter,332.3352638155884,CenterX,103.472,CenterY,325.408
171,Ellipse,Area,3456.896078448078,Perimeter,211.76846974406413,CenterX,281.932,CenterY,453.624
172,Ellipse,Area,2524.4668556917723,Perimeter,183.70592252038114,CenterX,499.345,CenterY,299.135
173,Circle,Area,7303.095989352209,Perimeter,302.94126631154086,CenterX,255.162,CenterY,43.397
174,Circle,Area,10866.819315699104,Perimeter,369.53549074527587,CenterX,322.938,CenterY,290.739
175,Polygon,Area,16775.3286275,Perimeter,575.1700482869413,CenterX,329.64279999999997,CenterY,299.9264
176,Square,Area,5328.45981369,Perimeter,291.9852,CenterX,496.984,CenterY,311.564
177,Ellipse,Area,827.1197780894026,Perimeter,177.8429424877638,CenterX,172.56,CenterY,207.514
178,Square,Area,2801.4896268099997,Perimeter,211.7164,CenterX,39.1447,CenterY,115.313
179,Square,Area,126.45452304000001,Perimeter,44.9808,CenterX,100.102,CenterY,22.7101
180,Equilateral Triangle,Area,1836.1778644192736,Perimeter,195.3567,CenterX,44.8053,CenterY,23.2052
181,Equilateral Triangle,Area,727.5890233490658,Perimeter,122.9742,CenterX,439.027,CenterY,403.864
182,Polygon,Area,75424.19304779998,Perimeter,1122.0191141472383,CenterX,322.15380000000005,CenterY,222.11844000000002
183,Circle,Area,5868.232868147468,Perimeter,271.55549906511743,CenterX,499.928,CenterY,120.341
184,Ellipse,Area,1878.839805763013,Perimeter,195.48081307002218,CenterX,422.421,CenterY,410.634
185,Circle,Area,893.5788154432897,Perimeter,105.96717684264517,CenterX,216.198,CenterY,324.356
186,Ellipse,Area,1882.972815031975,Perimeter,167.0434769585089,CenterX,465.227,CenterY,356.088
187,Ellipse,Area,369.4530561205943,Perimeter,72.56808072042374,CenterX,1.83538,CenterY,345.9
188,Ellipse,Area,2466.8240881359893,Perimeter,179.7537259730677,CenterX,372.981,CenterY,410.11
189,Circle,Area,1056.0701120225467,Perimeter,115.19968933301483,CenterX,469.903,CenterY,177.643
190,Ellipse,Area,71.60354389005668,Perimeter,163.55360990036493,CenterX,165.878,CenterY,112.01
191,Square,Area,8220.12409201,Perimeter,362.6596,CenterX,355.301,CenterY,385.92
192,Ellipse,Area,236.01381073229643,Perimeter,168.30617183211385,CenterX,462.123,CenterY,4.74592
193,Square,Area,2722.126276,Perimeter,208.696,CenterX,370.825,CenterY,153.082
194,Square,Area,2675.0308084900003,Perimeter,206.8828,CenterX,32.3166,CenterY,91.269
195,Equilateral Triangle,Area,361.67906441889323,Perimeter,86.7027,CenterX,177.786,CenterY,44.6286
196,Ellipse,Area,4641.1026727175185,Perimeter,241.5002722447879,CenterX,411.822,CenterY,457.751
197,Square,Area,63.4461633961,Perimeter,31.86124,CenterX,410.734,CenterY,121.158
198,Equilateral Triangle,Area,1126.0231305945351,Perimeter,152.9835,CenterX,66.4033,CenterY,333.706
199,Ellipse,Area,132.18787143326458,Perimeter,174.8165882507133,CenterX,135.732,CenterY,315.83
200,Circle,Area,31006.59961048548,Perimeter,624.2118408011861,CenterX,75.1262,CenterY,210.342
201,Circle,Area,11804.283963302612,Perimeter,385.14543632243283,CenterX,50.618,CenterY,291.049
202,Equilateral Triangle,Area,506.33866552157986,Perimeter,102.5868,CenterX,367.516,CenterY,334.023
203,Circle,Area,12119.522723785414,Perimeter,390.25429429570056,CenterX,322.936,CenterY,283.356
204,Equilateral Triangle,Area,4015.8674219670065,Perimeter,288.90869999999995,CenterX,61.318,CenterY,322.268
205,Ellipse,Area,4229.632021239306,Perimeter,232.38311395686773,CenterX,368.679,CenterY,422.122
206,Equilateral Triangle,Area,1062.0227493149623,Perimeter,148.57229999999998,CenterX,382.699,CenterY,439.186
207,Equilateral Triangle,Area,0.11893755640814703,Perimeter,1.572282,CenterX,219.59,CenterY,394.946
208,Circle,Area,11926.961759704614,Perimeter,387.1416042945238,CenterX,61.5723,CenterY,117.7
209,Equilateral Triangle,Area,972.3256311596557,Perimeter,142.15980000000002,CenterX,296.78,CenterY,230.903
210,Square,Area,2019.8912262399997,Perimeter,179.7728,CenterX,143.829,CenterY,283.744
211,Equilateral Triangle,Area,42.4271440281943,Perimeter,29.69565,CenterX,26.4501,CenterY,15.6155
212,Ellipse,Area,1317.6528173926324,Perimeter,202.3845905417929,CenterX,171.188,CenterY,192.097
213,Circle,Area,19178.147027721396,Perimeter,490.91720610202475,CenterX,314.435,CenterY,95.5094
214,Equilateral Triangle,Area,575.0492529708267,Perimeter,109.326,CenterX,445.409,CenterY,324.701
215,Equilateral Triangle,Area,1608.2938347172158,Perimeter,182.8326,CenterX,199.829,CenterY,97.1591
216,Circle,Area,16273.532763506677,Perimeter,452.215926202452,CenterX,330.129,CenterY,90.3671
217,Ellipse,Area,780.2632566605075,Perimeter,167.56877753214582,CenterX,193.961,CenterY,359.916
218,Square,Area,696.5007156900001,Perimeter,105.5652,CenterX,239.65,CenterY,247.747
219,Ellipse,Area,2878.6166576081055,Perimeter,198.74456971917948,CenterX,447.825,CenterY,42.355
220,Equilateral Triangle,Area,2456.1992639934865,Perimeter,225.945,CenterX,110.563,CenterY,445.16
221,Polygon,Area,183687.9426175463,Perimeter,1677.35022513002,CenterX,221.9474642857143,CenterY,179.7762674285714
222,Circle,Area,18122.400406625362,Perimeter,477.2135789470661,CenterX,272.921,CenterY,371.222
223,Polygon,Area,164911.2074309,Perimeter,1528.7145785743094,CenterX,221.82058,CenterY,274.45292000000006
224,Equilateral Triangle,Area,1489.7763654458436,Perimeter,175.96710000000002,CenterX,286.517,CenterY,435.412
225,Polygon,Area,63668.7306996,Perimeter,1210.0480020766283,CenterX,280.28153333333336,CenterY,283.91516666666666
226,Equilateral Triangle,Area,3816.085669267909,Perimeter,281.63070000000005,CenterX,232.58,CenterY,390.187
227,Polygon,Area,150424.18470216,Perimeter,1520.3831868308305,CenterX,198.93745,CenterY,253.09823999999998
228,Circle,Area,1647.0509769127536,Perimeter,143.86609397849097,CenterX,288.721,CenterY,386.897
229,Square,Area,1704.9962305600002,Perimeter,165.1664,CenterX,403.209,CenterY,429.924
230,Equilateral Triangle,Area,1242.4133165588019,Perimeter,160.69559999999998,CenterX,2.94028,CenterY,180.314
231,Ellipse,Area,3440.6536077476394,Perimeter,210.6687143568627,CenterX,338.178,CenterY,449.087
232,Ellipse,Area,5270.513792937391,Perimeter,262.67530973706874,CenterX,121.777,CenterY,351.517
233,Ellipse,Area,793.4303663323069,Perimeter,138.0931082027919,CenterX,35.8415,CenterY,105.683
234,Circle,Area,3.2132479699654533,Perimeter,6.354436628563002,CenterX,250.655,CenterY,426.403
235,Equilateral Triangle,Area,56.60555178812281,Perimeter,34.3005,CenterX,58.601,CenterY,16.027
236,Ellipse,Area,926.4622892947939,Perimeter,200.4246483575125,CenterX,425.145,CenterY,207.539
237,Circle,Area,1131.203933616109,Perimeter,119.22721111491695,CenterX,295.221,CenterY,91.3563
238,Square,Area,30.331014169600003,Perimeter,22.02944,CenterX,80.4496,CenterY,468.102
239,Equilateral Triangle,Area,2495.3913550342686,Perimeter,227.7405,CenterX,5.48359,CenterY,284.68
240,Equilateral Triangle,Area,1484.335868181663,Perimeter,175.6455,CenterX,120.929,CenterY,31.8005
241,Circle,Area,130.7054032508986,Perimeter,40.52767620466362,CenterX,10.4677,CenterY,145.605
242,Square,Area,4102.402499999999,Perimeter,256.2,CenterX,229.853,CenterY,418.575
243,Polygon,Area,33471.16544845,Perimeter,897.6290942031005,CenterX,232.48666000000003,CenterY,275.87379999999996
244,Circle,Area,14092.002886928938,Perimeter,420.81507931129136,CenterX,497.087,CenterY,238.079
245,Square,Area,3003.1386408099997,Perimeter,219.2036,CenterX,431.261,CenterY,4.26044
246,Polygon,Area,114528.83647156498,Perimeter,1308.9753959431075,CenterX,205.11178571428576,CenterY,179.43978
247,Polygon,Area,168825.13230756996,Perimeter,1573.3499103276586,CenterX,277.925317,CenterY,196.81110999999999
248,Polygon,Area,106220.96341275002,Perimeter,1335.9147603741776,CenterX,236.289,CenterY,266.4213142857143
249,Square,Area,48.104766777600005,Perimeter,27.74304,CenterX,92.8995,CenterY,298.439
250,Circle,Area,6306.653328011609,Perimeter,281.5168610511199,CenterX,403.592,CenterY,61.7371
251,Square,Area,4216.09969225,Perimeter,259.726,CenterX,395.805,CenterY,120.929
252,Polygon,Area,100651.47228900001,Perimeter,1333.3765289998016,CenterX,336.5133333333333,CenterY,286.90313333333336
253,Ellipse,Area,3148.84483541071,Perimeter,206.1624626104231,CenterX,424.242,CenterY,436.504
254,Equilateral Triangle,Area,1694.8567242091501,Perimeter,187.6884,CenterX,435.861,CenterY,213.047
255,Polygon,Area,79612.28172424999,Perimeter,1360.0326650937611,CenterX,321.34620000000007,CenterY,132.02133999999998
256,Ellipse,Area,444.68765496736904,Perimeter,99.4165355559031,CenterX,146.792,CenterY,391.376
257,Circle,Area,20770.624068498306,Perimeter,510.89270883061005,CenterX,450.047,CenterY,354.125
258,Equilateral Triangle,Area,1532.2673585381885,Perimeter,178.4589,CenterX,95.17,CenterY,3.78347
259,Polygon,Area,81435.60925175002,Perimeter,1278.528274086087,CenterX,192.218,CenterY,158.20576
260,Polygon,Area,96788.970954275,Perimeter,1310.5812651816905,CenterX,236.3556833333333,CenterY,159.73385
261,Polygon,Area,82481.37825105002,Perimeter,1215.231706566506,CenterX,297.80258749999996,CenterY,322.39425
262,Square,Area,7131.160694440001,Perimeter,337.7848,CenterX,182.398,CenterY,102.285
263,Polygon,Area,166260.4328774825,Perimeter,1567.0941663018248,CenterX,276.3362344444445,CenterY,212.64498888888892
264,Ellipse,Area,2272.917761599961,Perimeter,191.05361657585686,CenterX,369.644,CenterY,162.832
265,Polygon,Area,122534.06460518001,Perimeter,1412.1580954544181,CenterX,238.53605714285712,CenterY,293.1055428571429
266,Ellipse,Area,74.41439015193933,Perimeter,122.69835456133316,CenterX,0.107303,CenterY,31.8463
267,Ellipse,Area,4589.739954908119,Perimeter,247.86934747315337,CenterX,258.115,CenterY,38.9504
268,Equilateral Triangle,Area,952.0732506698849,Perimeter,140.6715,CenterX,389.986,CenterY,232.453
269,Circle,Area,5955.698538987251,Perimeter,273.57177323019135,CenterX,14.9151,CenterY,168.498
270,Ellipse,Area,219.2414621194186,Perimeter,73.4111699369915,CenterX,348.93,CenterY,144.578
271,Polygon,Area,185719.0475548,Perimeter,1643.5995731636967,CenterX,230.36790200000002,CenterY,262.89116
272,Square,Area,1273.96169476,Perimeter,142.7704,CenterX,499.807,CenterY,341.629
273,Polygon,Area,109852.36380191,Perimeter,1322.42795801227,CenterX,206.8828,CenterY,200.94043333333335
274,Ellipse,Area,2672.281755392478,Perimeter,183.50359454056752,CenterX,114.162,CenterY,68.9237
275,Ellipse,Area,4419.932253651895,Perimeter,236.60568447679708,CenterX,294.893,CenterY,78.4714
276,Square,Area,2096.7973646399996,Perimeter,183.1632,CenterX,224.732,CenterY,12.74
277,Polygon,Area,32636.887511890003,Perimeter,900.9319920455848,CenterX,224.85172500000002,CenterY,221.58985
278,Square,Area,5095.261437210001,Perimeter,285.5244,CenterX,399.066,CenterY,315.757
279,Ellipse,Area,3810.9416912661786,Perimeter,218.85020269542417,CenterX,253.247,CenterY,341.241
280,Ellipse,Area,3278.2273937212635,Perimeter,222.27567784298103,CenterX,276.246,CenterY,260.52
281,Circle,Area,19791.116430648897,Perimeter,498.7008160605588,CenterX,103.291,CenterY,365.011
282,Equilateral Triangle,Area,2033.1447655469321,Perimeter,205.56779999999998,CenterX,374.044,CenterY,372.706
283,Polygon,Area,55113.53915199999,Perimeter,944.6106814184,CenterX,312.2722,CenterY,261.90160000000003
284,Square,Area,323.48900164,Perimeter,71.9432,CenterX,43.8606,CenterY,208.093
285,Ellipse,Area,2126.284337456012,Perimeter,208.83521732283333,CenterX,199.986,CenterY,402.781
286,Circle,Area,23710.161317114394,Perimeter,545.848581968573,CenterX,481.188,CenterY,198.505
287,Equilateral Triangle,Area,347.3619206655834,Perimeter,84.9693,CenterX,478.624,CenterY,477.693
288,Polygon,Area,69485.09051433299,Perimeter,1257.9494856190188,CenterX,271.75129499999997,CenterY,226.09259999999998
289,Ellipse,Area,5064.328542121446,Perimeter,256.0608695336587,CenterX,397.172,CenterY,160.917
290,Circle,Area,5113.63013104834,Perimeter,253.4951112181604,CenterX,27.3183,CenterY,17.7432
291,Circle,Area,1686.9245334716338,Perimeter,145.59711153061895,CenterX,309.917,CenterY,166.521
292,Polygon,Area,128722.95868186996,Perimeter,1432.5484075336642,CenterX,193.45102222222224,CenterY,282.52203333333335
293,Circle,Area,17866.379283508413,Perimeter,473.8307119776805,CenterX,124.908,CenterY,47.6993
294,Square,Area,16.1113129321,Perimeter,16.05556,CenterX,366.745,CenterY,109.961
295,Ellipse,Area,3866.9872124213066,Perimeter,240.10595174215314,CenterX,427.192,CenterY,6.44849
296,Circle,Area,18172.494681173885,Perimeter,477.8726850857892,CenterX,350.964,CenterY,10.5252
297,Equilateral Triangle,Area,1415.416055923065,Perimeter,171.5193,CenterX,321.039,CenterY,226.349
298,Equilateral Triangle,Area,2202.1421900860273,Perimeter,213.94079999999997,CenterX,51.8949,CenterY,433.383
299,Ellipse,Area,3453.5717487746065,Perimeter,210.8582068104253,CenterX,111.191,CenterY,319.196
300,Equilateral Triangle,Area,2804.476131266337,Perimeter,241.4331,CenterX,240.881,CenterY,418.411
301,Circle,Area,17649.976715194138,Perimeter,470.95238478846164,CenterX,165.555,CenterY,476.035
302,Circle,Area,1696.7082443935178,Perimeter,146.0187132647307,CenterX,273.701,CenterY,111.165
303,Circle,Area,740.5675176355993,Perimeter,96.46888561378178,CenterX,363.605,CenterY,26.2837
304,Circle,Area,9911.094272260312,Perimeter,352.9114390595401,CenterX,78.4867,CenterY,79.7296
305,Equilateral Triangle,Area,205.0625123786248,Perimeter,65.2851,CenterX,184.372,CenterY,123.729
306,Circle,Area,14597.564276332603,Perimeter,428.2970963750808,CenterX,78.3682,CenterY,32.9151
307,Equilateral Triangle,Area,2715.865303056613,Perimeter,237.5883,CenterX,302.715,CenterY,374.361
308,Polygon,Area,129849.56054522,Perimeter,1441.1049240438042,CenterX,200.53505,CenterY,221.44835
309,Polygon,Area,126058.78399947497,Perimeter,1462.8097999976687,CenterX,311.26258333333334,CenterY,237.74498333333335
310,Ellipse,Area,1681.5998420826227,Perimeter,159.98819017768272,CenterX,247.036,CenterY,485.031
311,Circle,Area,22722.20677404242,Perimeter,534.3553794046801,CenterX,239.943,CenterY,29.4662
312,Ellipse,Area,4529.739168099466,Perimeter,238.6119990312842,CenterX,18.4319,CenterY,365.827
313,Equilateral Triangle,Area,1574.5932665771682,Perimeter,180.9069,CenterX,360.978,CenterY,205.284
314,Ellipse,Area,32.53370931658908,Perimeter,182.26368570329382,CenterX,249.242,CenterY,262.298
315,Square,Area,426.19538025,Perimeter,82.578,CenterX,172.99,CenterY,183.494
316,Polygon,Area,61781.411554440005,Perimeter,1270.188384376369,CenterX,284.2939,CenterY,194.74563333333333
317,Equilateral Triangle,Area,1848.1020654890388,Perimeter,195.99,CenterX,328.146,CenterY,301.134
318,Equilateral Triangle,Area,362.58317250605614,Perimeter,86.811,CenterX,215.129,CenterY,141.7
319,Ellipse,Area,915.6856548015148,Perimeter,176.107080744472,CenterX,497.118,CenterY,145.124
320,Ellipse,Area,2275.1467544173265,Perimeter,173.49848007280264,CenterX,212.954,CenterY,18.4201
321,Ellipse,Area,875.1788465003888,Perimeter,111.7421976313945,CenterX,46.0477,CenterY,266.237
322,Ellipse,Area,1527.3638217107864,Perimeter,180.75486543807838,CenterX,208.368,CenterY,182.691
323,Equilateral Triangle,Area,33.22926588486422,Perimeter,26.28036,CenterX,281.08,CenterY,22.124
324,Equilateral Triangle,Area,901.4756151288067,Perimeter,136.8825,CenterX,136.334,CenterY,483.409
325,Circle,Area,3494.548180535413,Perimeter,209.55616804652286,CenterX,201.028,CenterY,202.759
326,Circle,Area,2230.2252201808938,Perimeter,167.40918932449287,CenterX,282.149,CenterY,477.168
327,Square,Area,6376.517579609999,Perimeter,319.4124,CenterX,243.382,CenterY,190.55
328,Circle,Area,101.14058795463018,Perimeter,35.65066776923083,CenterX,76.118,CenterY,203.372
329,Circle,Area,30312.163776744612,Perimeter,617.1822130795135,CenterX,119.243,CenterY,419.58
330,Ellipse,Area,2539.855980103609,Perimeter,182.7272912461083,CenterX,432.491,CenterY,483.537
331,Ellipse,Area,1332.415686282249,Perimeter,179.17324416541243,CenterX,455.022,CenterY,384.156
332,Equilateral Triangle,Area,1039.9393446291106,Perimeter,147.0195,CenterX,360.882,CenterY,350.353
333,Polygon,Area,63578.00559,Perimeter,1037.4636894003775,CenterX,194.17398333333335,CenterY,193.30543333333333
334,Ellipse,Area,698.7782326734617,Perimeter,108.15836811647532,CenterX,271.712,CenterY,314.162
335,Equilateral Triangle,Area,1881.7933374915658,Perimeter,197.76839999999999,CenterX,443.419,CenterY,99.0519
336,Square,Area,2214.3894832899996,Perimeter,188.2292,CenterX,50.0798,CenterY,202.668
337,Circle,Area,27757.813339603195,Perimeter,590.6055958672054,CenterX,125.912,CenterY,374.163
338,Circle,Area,20356.232080924798,Perimeter,505.7706561681973,CenterX,114.107,CenterY,115.501
339,Circle,Area,2584.777973138233,Perimeter,180.22563071407782,CenterX,410.98,CenterY,55.3826
340,Polygon,Area,188649.601488381,Perimeter,1685.890898981592,CenterX,270.62867,CenterY,266.70712499999996
341,Ellipse,Area,1294.7812119226207,Perimeter,147.49864768829997,CenterX,382.552,CenterY,164.346
342,Ellipse,Area,1121.248605498621,Perimeter,139.70287103980024,CenterX,444.608,CenterY,2.33868
343,Circle,Area,537.0729355898515,Perimeter,82.15264789137308,CenterX,191.109,CenterY,455.713
344,Polygon,Area,156317.02566600248,Perimeter,1579.4585115417626,CenterX,268.3620118333334,CenterY,172.98254999999997
345,Equilateral Triangle,Area,428.3511445307278,Perimeter,94.3563,CenterX,268.251,CenterY,498.157
346,Equilateral Triangle,Area,2618.1612120562277,Perimeter,233.2755,CenterX,142.627,CenterY,276.936
347,Equilateral Triangle,Area,1163.3937688342714,Perimeter,155.5014,CenterX,58.9117,CenterY,248.169
348,Circle,Area,10205.029037283532,Perimeter,358.1063766715162,CenterX,181.982,CenterY,404.552
349,Ellipse,Area,423.4182389144511,Perimeter,99.6478977062541,CenterX,138.115,CenterY,297.609
350,Circle,Area,9832.023991246586,Perimeter,351.5008639580783,CenterX,274.513,CenterY,370.813
351,Circle,Area,23.717188790174745,Perimeter,17.263805613712773,CenterX,303.572,CenterY,132.629
352,Circle,Area,4543.601555544927,Perimeter,238.94890891350894,CenterX,247.548,CenterY,57.1366
353,Equilateral Triangle,Area,265.5046151016057,Perimeter,74.286,CenterX,199.584,CenterY,362.106
354,Ellipse,Area,2847.620566477266,Perimeter,216.38807273739212,CenterX,40.1507,CenterY,64.6184
355,Square,Area,64.82343168999999,Perimeter,32.2052,CenterX,312.045,CenterY,432.814
356,Ellipse,Area,4.5256008190340555,Perimeter,152.6571514534934,CenterX,332.117,CenterY,234.698
357,Polygon,Area,78992.598017195,Perimeter,1190.1633170436485,CenterX,210.931725,CenterY,147.26006666666666
358,Circle,Area,23952.698499875427,Perimeter,548.633289696715,CenterX,70.919,CenterY,440.559
359,Equilateral Triangle,Area,1438.0242963562446,Perimeter,172.88369999999998,CenterX,41.6123,CenterY,286.751
360,Equilateral Triangle,Area,763.1689240241499,Perimeter,125.9451,CenterX,335.82,CenterY,401.392
361,Circle,Area,4384.728258185884,Perimeter,234.73414820945285,CenterX,15.1339,CenterY,168.077
362,Equilateral Triangle,Area,136.01594199085383,Perimeter,53.1699,CenterX,296.489,CenterY,373.648
363,Circle,Area,18263.97878714722,Perimeter,479.0740301165219,CenterX,274.165,CenterY,244.325
364,Ellipse,Area,1331.8783390070805,Perimeter,145.00726600427132,CenterX,289.758,CenterY,87.2975
365,Circle,Area,9652.46116244083,Perimeter,348.2763332584338,CenterX,275.603,CenterY,352.218
366,Circle,Area,1114.0530308105083,Perimeter,118.31991915656022,CenterX,165.068,CenterY,172.86
367,Square,Area,7516.42182729,Perimeter,346.7892,CenterX,124.574,CenterY,438.289
368,Circle,Area,14438.54471499616,Perimeter,425.95786648521783,CenterX,3.41649,CenterY,73.1877
369,Polygon,Area,145980.59225918792,Perimeter,1456.2197871071364,CenterX,214.301755,CenterY,151.53827565
370,Ellipse,Area,20.66568326672028,Perimeter,35.65031718583799,CenterX,488.443,CenterY,199.849
371,Equilateral Triangle,Area,2887.7655610002066,Perimeter,244.99200000000002,CenterX,489.147,CenterY,279.98
372,Ellipse,Area,174.82190148209648,Perimeter,47.04739057840117,CenterX,244.506,CenterY,457.973
373,Ellipse,Area,4699.2184123251745,Perimeter,244.96336341501083,CenterX,288.149,CenterY,308.367
374,Equilateral Triangle,Area,3386.9815862513115,Perimeter,265.3245,CenterX,384.623,CenterY,235.674
375,Ellipse,Area,3556.3614173968,Perimeter,218.26055122507478,CenterX,367.223,CenterY,338.853
376,Polygon,Area,160317.47046460997,Perimeter,1575.8788122048472,CenterX,153.00645428571428,CenterY,191.3410857142857
377,Circle,Area,7483.0782498369545,Perimeter,306.65148723543047,CenterX,42.0246,CenterY,113.649
378,Ellipse,Area,215.8090570405228,Perimeter,167.86989073938727,CenterX,192.244,CenterY,254.164
379,Equilateral Triangle,Area,4077.4513258074026,Perimeter,291.1155,CenterX,220.989,CenterY,426.055
380,Circle,Area,10010.758725382835,Perimeter,354.6814123605726,CenterX,334.107,CenterY,320.121
381,Ellipse,Area,1484.7638187621803,Perimeter,136.76604443320298,CenterX,175.787,CenterY,85.217
382,Polygon,Area,129456.389198325,Perimeter,1355.4231571875353,CenterX,243.7000625,CenterY,212.13391250000004
383,Circle,Area,22.28685321543511,Perimeter,16.735138401966683,CenterX,370.276,CenterY,5.03153
384,Circle,Area,2495.131814854842,Perimeter,177.07272832693508,CenterX,381.779,CenterY,11.2414
385,Ellipse,Area,147.99428628584923,Perimeter,43.90413128586159,CenterX,368.62,CenterY,44.6712
386,Circle,Area,3675.5639514270865,Perimeter,214.9150967950163,CenterX,34.3846,CenterY,264.105
387,Polygon,Area,138398.75826315,Perimeter,1422.2696327921021,CenterX,271.65427777777774,CenterY,281.6066444444445
388,Equilateral Triangle,Area,1755.6965511296485,Perimeter,191.0274,CenterX,318.083,CenterY,252.896
389,Circle,Area,107.07032650541514,Perimeter,36.680858832195995,CenterX,227.459,CenterY,126.444
390,Ellipse,Area,43.03297246630581,Perimeter,31.20873262933002,CenterX,300.863,CenterY,215.352
391,Circle,Area,24050.674664844402,Perimeter,549.7542099555158,CenterX,369.129,CenterY,152.861
392,Square,Area,19.146050384399995,Perimeter,17.50248,CenterX,24.8854,CenterY,307.495
393,Equilateral Triangle,Area,51.2058089173421,Perimeter,32.6235,CenterX,431.572,CenterY,175.571
394,Circle,Area,730.6166415004762,Perimeter,95.81857593448869,CenterX,341.876,CenterY,178.181
395,Equilateral Triangle,Area,125.14655988887914,Perimeter,51.0012,CenterX,271.497,CenterY,280.91
396,Ellipse,Area,1959.4819729848587,Perimeter,178.26835612118632,CenterX,91.6657,CenterY,195.829
397,Circle,Area,22009.182008393283,Perimeter,525.9044951665235,CenterX,23.6028,CenterY,58.9492
398,Circle,Area,3871.752801697174,Perimeter,220.57624675678514,CenterX,484.089,CenterY,340.73
399,Equilateral Triangle,Area,0.6600247429690594,Perimeter,3.70383,CenterX,411.198,CenterY,271.815
400,Polygon,Area,77654.21347309998,Perimeter,1248.780181406482,CenterX,326.9929333333334,CenterY,185.38346666666666
401,Polygon,Area,118588.70992729999,Perimeter,1390.1386716799207,CenterX,297.58806666666663,CenterY,203.6076888888889
402,Ellipse,Area,306.42344802222766,Perimeter,112.07366637710946,CenterX,14.2279,CenterY,289.3
403,Circle,Area,29910.912552030048,Perimeter,613.0836913036403,CenterX,34.5528,CenterY,79.6842
404,Equilateral Triangle,Area,4104.682871848885,Perimeter,292.086,CenterX,291.172,CenterY,117.544
405,Square,Area,9865.95225625,Perimeter,397.31,CenterX,496.136,CenterY,282.922
406,Circle,Area,9624.619161973136,Perimeter,347.77367843385935,CenterX,265.738,CenterY,209.685
407,Equilateral Triangle,Area,38.78041652851682,Perimeter,28.39077,CenterX,263.072,CenterY,227.713
408,Polygon,Area,92640.58396676001,Perimeter,1166.64142923553,CenterX,204.19267499999995,CenterY,271.387525
409,Ellipse,Area,397.9499042730345,Perimeter,113.85622113157491,CenterX,206.856,CenterY,228.561
410,Polygon,Area,99027.197147444,Perimeter,1399.7918921139149,CenterX,240.02472000000003,CenterY,229.21818571428574
411,Circle,Area,6693.267667030108,Perimeter,290.0173824532032,CenterX,370.05,CenterY,49.2004
412,Polygon,Area,48912.91914772001,Perimeter,1059.4480085681457,CenterX,194.45824,CenterY,177.54028
413,Square,Area,6546.897386409999,Perimeter,323.6516,CenterX,282.194,CenterY,435.325
414,Circle,Area,1465.9043331459093,Perimeter,135.72434245744768,CenterX,78.9188,CenterY,414.485
415,Ellipse,Area,392.4047693821223,Perimeter,80.84468152570881,CenterX,344.62,CenterY,72.1894
416,Ellipse,Area,7051.89409515835,Perimeter,298.13572184400283,CenterX,309.056,CenterY,452.057
417,Polygon,Area,44725.90801799997,Perimeter,975.3709293921416,CenterX,303.5885,CenterY,301.53825000000006
418,Circle,Area,17664.437914326798,Perimeter,471.145278577392,CenterX,39.7498,CenterY,444.7
419,Equilateral Triangle,Area,6.770387192486369,Perimeter,11.86254,CenterX,404.651,CenterY,148.665
420,Ellipse,Area,2286.169349511889,Perimeter,178.03905764651134,CenterX,16.1,CenterY,368.381
421,Circle,Area,14672.097208012587,Perimeter,429.3891139814686,CenterX,141.681,CenterY,449.922
422,Ellipse,Area,1086.7280081909537,Perimeter,139.7212574665816,CenterX,453.18,CenterY,375.956
423,Circle,Area,10006.254778153336,Perimeter,354.60161590717144,CenterX,104.829,CenterY,129.312
424,Circle,Area,18862.568979378906,Perimeter,486.8614099862403,CenterX,401.956,CenterY,3.09269
425,Polygon,Area,115479.09192714999,Perimeter,1359.6794048646564,CenterX,211.73874999999998,CenterY,195.02890000000002
426,Ellipse,Area,151.9729989004136,Perimeter,45.96768615060474,CenterX,281.517,CenterY,333.463
427,Polygon,Area,103117.69548550002,Perimeter,1259.8709924010197,CenterX,300.8392857142857,CenterY,250.94151428571428
428,Ellipse,Area,2501.5440550603557,Perimeter,184.27933329433566,CenterX,65.1816,CenterY,168.475
429,Ellipse,Area,1384.9359317274289,Perimeter,135.06013907474556,CenterX,299.823,CenterY,219.084
430,Equilateral Triangle,Area,426.5987927366946,Perimeter,94.1631,CenterX,207.68,CenterY,176.277
431,Square,Area,7974.382840360001,Perimeter,357.1976,CenterX,339.955,CenterY,271.506
432,Square,Area,1606.2380684099999,Perimeter,160.3116,CenterX,158.68,CenterY,211.847
433,Ellipse,Area,1483.5948363769296,Perimeter,146.18231515362712,CenterX,251.753,CenterY,98.0809
434,Circle,Area,14365.075490366115,Perimeter,424.8727603826679,CenterX,347.823,CenterY,318.296
435,Square,Area,2.4744548416,Perimeter,6.29216,CenterX,115.579,CenterY,175.557
436,Square,Area,336.70048036,Perimeter,73.3976,CenterX,442.802,CenterY,356.759
437,Equilateral Triangle,Area,2876.0233428844767,Perimeter,244.4934,CenterX,170.569,CenterY,305.318
438,Equilateral Triangle,Area,614.4477511380269,Perimeter,113.00909999999999,CenterX,44.5631,CenterY,438.663
439,Ellipse,Area,1759.275773535546,Perimeter,164.5854035597952,CenterX,128.785,CenterY,174.27
440,Ellipse,Area,615.4016395924785,Perimeter,161.9130456025039,CenterX,116.984,CenterY,275.313
441,Ellipse,Area,1964.5332360143445,Perimeter,211.32030066654266,CenterX,90.1831,CenterY,369.326
442,Ellipse,Area,2501.6683744475868,Perimeter,182.8748532175306,CenterX,441.048,CenterY,467.125
443,Equilateral Triangle,Area,72.73287337588124,Perimeter,38.8809,CenterX,360.831,CenterY,219.732
444,Square,Area,9625.473990249999,Perimeter,392.438,CenterX,452.811,CenterY,494.079
445,Equilateral Triangle,Area,1055.7872717684586,Perimeter,148.1355,CenterX,102.299,CenterY,254.398
446,Equilateral Triangle,Area,1663.3734519565653,Perimeter,185.937,CenterX,481.466,CenterY,15.1699
447,Polygon,Area,122865.54903949,Perimeter,1357.2240298936538,CenterX,304.6978142857143,CenterY,242.82028571428572
448,Equilateral Triangle,Area,316.274502229471,Perimeter,81.078,CenterX,306.617,CenterY,466.624
449,Circle,Area,3028.076023637757,Perimeter,195.06902768375886,CenterX,389.273,CenterY,247.287
450,Polygon,Area,199878.79695524648,Perimeter,1745.5592766383406,CenterX,243.9793875,CenterY,226.2382725
451,Ellipse,Area,2734.026643889758,Perimeter,189.64488194610377,CenterX,171.832,CenterY,385.976
452,Ellipse,Area,1329.0835155076736,Perimeter,144.08802715925452,CenterX,479.992,CenterY,309.716
453,Ellipse,Area,542.207786214806,Perimeter,161.74614252065632,CenterX,313.225,CenterY,361.312
454,Circle,Area,19498.02603698097,Perimeter,494.99436504785353,CenterX,77.8825,CenterY,320.875
455,Equilateral Triangle,Area,1262.552804319534,Perimeter,161.9928,CenterX,342.262,CenterY,275.329
456,Circle,Area,6487.739721214985,Perimeter,285.5299315068155,CenterX,299.929,CenterY,136.869
457,Ellipse,Area,6323.225411942908,Perimeter,282.71163234486625,CenterX,422.599,CenterY,25.4345
458,Ellipse,Area,4551.476215424491,Perimeter,250.8777101403606,CenterX,9.44166,CenterY,291.296
459,Circle,Area,17772.49493138137,Perimeter,472.58412801273613,CenterX,192.212,CenterY,145.582
460,Ellipse,Area,260.95664886775967,Perimeter,80.19432255133316,CenterX,391.477,CenterY,436.239
461,Ellipse,Area,2277.828249359985,Perimeter,179.706358631578,CenterX,175.937,CenterY,279.812
462,Ellipse,Area,4866.990652641848,Perimeter,255.35264649287828,CenterX,493.625,CenterY,317.421
463,Ellipse,Area,3778.5095556395795,Perimeter,226.23715476715,CenterX,398.35,CenterY,453.778
464,Circle,Area,2923.8848529593497,Perimeter,191.68364744025052,CenterX,462.553,CenterY,316.47
465,Square,Area,2636.19606721,Perimeter,205.3756,CenterX,44.4123,CenterY,426.606
466,Equilateral Triangle,Area,423.8225499287544,Perimeter,93.8562,CenterX,441.112,CenterY,173.626
467,Polygon,Area,181812.81853480003,Perimeter,1647.3429704478046,CenterX,218.6090111111111,CenterY,259.9472666666667
468,Equilateral Triangle,Area,3587.2756986101977,Perimeter,273.057,CenterX,136.773,CenterY,21.3117
469,Circle,Area,15.049234567707055,Perimeter,13.751882018117819,CenterX,83.7211,CenterY,297.157
470,Polygon,Area,140057.48435659957,Perimeter,1524.263367810021,CenterX,209.87392166666663,CenterY,178.61180666666667
471,Square,Area,71.24744227240001,Perimeter,33.76328,CenterX,435.882,CenterY,88.4726
472,Square,Area,8728.32405025,Perimeter,373.702,CenterX,204.502,CenterY,230.593
473,Polygon,Area,156822.34332931397,Perimeter,1537.7461475349048,CenterX,222.32470000000004,CenterY,233.4668775
474,Ellipse,Area,3948.375423923608,Perimeter,229.27863403743993,CenterX,73.1318,CenterY,79.7392
475,Ellipse,Area,812.570039218503,Perimeter,102.28109370856922,CenterX,130.265,CenterY,432.115
476,Circle,Area,5762.238952989836,Perimeter,269.0918621061723,CenterX,146.866,CenterY,160.671
477,Circle,Area,13822.384261290505,Perimeter,416.76996461052914,CenterX,97.5372,CenterY,374.161
478,Square,Area,3188.45432896,Perimeter,225.8656,CenterX,103.264,CenterY,380.346
479,Equilateral Triangle,Area,332.4190585887902,Perimeter,83.1216,CenterX,453.729,CenterY,10.2172
480,Polygon,Area,137984.98787418753,Perimeter,1505.0363759204306,CenterX,264.134875,CenterY,242.5395
481,Ellipse,Area,1276.6104054505267,Perimeter,170.88523744738134,CenterX,22.2834,CenterY,466.66
482,Ellipse,Area,735.5414456301692,Perimeter,148.22628807144207,CenterX,187.334,CenterY,321.311
483,Circle,Area,25341.99795425888,Perimeter,564.3198901346195,CenterX,440.068,CenterY,272.315
484,Polygon,Area,78397.8637533,Perimeter,1320.0094595845733,CenterX,252.98286666666667,CenterY,169.8419111111111
485,Circle,Area,10778.238148277493,Perimeter,368.0262696344913,CenterX,474.296,CenterY,347.887
486,Ellipse,Area,489.20095315572263,Perimeter,131.05835923849662,CenterX,30.131,CenterY,24.8185
487,Equilateral Triangle,Area,3248.4247887724036,Perimeter,259.8408,CenterX,243.638,CenterY,313.296
488,Ellipse,Area,4005.303024939234,Perimeter,235.74749256672405,CenterX,10.5413,CenterY,274.872
489,Ellipse,Area,1690.4059458565453,Perimeter,197.60231003876262,CenterX,145.028,CenterY,357.923
490,Circle,Area,1434.9882069835005,Perimeter,134.28549302210354,CenterX,257.236,CenterY,81.6069
491,Polygon,Area,126724.09328295002,Perimeter,1385.0284968864958,CenterX,322.5499875,CenterY,259.1940375
492,Circle,Area,5.135851756599473,Perimeter,8.033617901906746,CenterX,473.946,CenterY,379.315
493,Circle,Area,8867.744181122263,Perimeter,333.8193521851442,CenterX,310.905,CenterY,218.506
494,Circle,Area,7532.592105246708,Perimeter,307.6643367069478,CenterX,275.321,CenterY,316.16
495,Equilateral Triangle,Area,177.11886177178465,Perimeter,60.674099999999996,CenterX,351.426,CenterY,228.928
496,Ellipse,Area,1598.3465477608156,Perimeter,184.96772442956652,CenterX,447.043,CenterY,424.81
497,Equilateral Triangle,Area,952.2113241137786,Perimeter,140.6817,CenterX,185.791,CenterY,251.464
498,Polygon,Area,160587.72223108003,Perimeter,1544.0591977277377,CenterX,225.0185777777778,CenterY,181.37934444444446
499,Circle,Area,104.83323203361843,Perimeter,36.295636741012814,CenterX,48.9149,CenterY,284.362
500,Circle,Area,12304.029430454553,Perimeter,393.21367457538213,CenterX,258.805,CenterY,227.569
